name,team,classification
Anthony Edwards,Georgia,College
James Wiseman,Memphis,College
LaMelo Ball,Illawarra,International
Patrick Williams,Florida State,College
Isaac Okoro,Auburn,College
Onyeka Okongwu,USC,College
Killian Hayes,Ratiopharm Ulm,International
Obi Toppin,Dayton,College
Deni Avdija,Maccabi Tel Aviv,International
Jalen Smith,Maryland,College
Devin Vassell,Florida State,College
Tyrese Haliburton,Iowa State,College
Kira Lewis Jr.,Alabama,College
Aaron Nesmith,Vanderbilt,College
Cole Anthony,North Carolina,College
Isaiah Stewart,Washington,College
Aleksej Pokuševski,Olympiacos B,International
Josh Green,Arizona,College
Saddiq Bey,Villanova,College
Precious Achiuwa,Memphis,College
Tyrese Maxey,Kentucky,College
Zeke Nnaji,Arizona,College
Leandro Bolmaro,FC Barcelona,International
RJ Hampton,NZ Breakers,International
Immanuel Quickley,Kentucky,College
Payton Pritchard,Oregon,College
Udoka Azubuike,Kansas,College
Jaden McDaniels,Washington,College
Malachi Flynn,San Diego State,College
Desmond Bane,TCU,College
Tyrell Terry,Stanford,College
Vernon Carey Jr.,Duke,College
Daniel Oturu,Minnesota,College
Theo Maledon,ASVEL,International
Xavier Tillman,Michigan State,College
Tyler Bey,Colorado,College
Vít Krejčí,Zaragoza,International
Saben Lee,Vanderbilt,College
Elijah Hughes,Syracuse,College
Robert Woodard II,Mississippi State,College
Tre Jones,Duke,College
Nick Richards,Kentucky,College
Jahmi'us Ramsey,Texas Tech,College
Marko Simonović,KK Mega Basket,International
Jordan Nwora,Louisville,College
CJ Elleby,Washington State,College
Yam Madar,Hapoel Tel Aviv,International
Nico Mannion,Arizona,College
Isaiah Joe,Arkansas,College
Skylar Mays,LSU,College
Justinian Jessup,Boise State,College
Kenyon Martin Jr.,IMG Academy,HS Postgrad
Cassius Winston,Michigan State,College
Cassius Stanley,Duke,College
Jay Scrubb,John A. Logan,College
Grant Riller,Charleston,College
Reggie Perry,Mississippi State,College
Paul Reed,DePaul,College
Jalen Harris,Nevada,College
Sam Merrill,Utah State,College
Devon Dotson,Kansas,College
Paul Eboua,VL Pesaro,International
Ashton Hagans,Kentucky,College
Josh Hall,Moravian Prep,HS Senior
Markus Howard,Marquette,College
Mason Jones,Arkansas,College
Anfernee McLemore,Auburn,College
Abdoulaye N'Doye,Cholet,International
Myles Powell,Seton Hall,College
Trevelin Queen,New Mexico State,College
Borisa Simanic,KK Crvena Zvezda,International
Jon Teske,Michigan,College
Killian Tillie,Gonzaga,College
Tres Tinkle,Oregon State,College
Kaleb Wesson,Ohio State,College
Kahlil Whitney,Kentucky,College
Austin Wiley,Auburn,College
